CONCERT_ID,CONCERT_NAME,THEME,STADIUM_ID,YEAR
1,Summer Jam,Pop music,101,2019
2,Rockfest,Rock music,102,2019
3,Hip Hop Hooray,Hip hop music,103,2019
4,Country Jamboree,Country music,104,2020
5,Jazz Fest,Jazz music,105,2020
6,Electronic Evolution,Electronic music,106,2020
7,Classical Crossroads,Classical music,107,2020
8,Reggae Rendezvous,Reggae music,108,2021
9,Indie Incline,Indie music,109,2021
10,Pop Paradise,Pop music,110,2021
11,R&B Rewind,R&B music,111,2021
12,Latin Heat,Latin music,112,2021
13,Metal Mayhem,Heavy metal music,113,2021
14,Blues Bash,Blues music,114,2022
15,Funk Fest,Funk music,115,2022
16,World Music Weekend,World music,116,2022
17,Gospel Gathering,Gospel music,117,2022
18,Acoustic Adventure,Acoustic music,118,2022
19,Soulful Sounds,Soul music,119,2022
20,Hipster Hangout,Alternative music,120,2022
